{"city_development_index": [0.92, 0.7759999999999999, 0.624, 0.789, 0.767, 0.764, 0.762, 0.913, 0.926, 0.8270000000000001, 0.843, 0.804, 0.91, 0.884, 0.6659999999999999, 0.5579999999999999, 0.923, 0.794, 0.924, 0.754, 0.855, 0.939, 0.887, 0.865, 0.698, 0.55, 0.893, 0.7959999999999999, 0.866, 0.682, 0.802, 0.579, 0.878, 0.897, 0.949, 0.925, 0.8959999999999999, 0.836, 0.693, 0.769, 0.775, 0.903, 0.555, 0.727, 0.64, 0.516, 0.743, 0.915, 0.899, 0.895, 0.89, 0.847, 0.527, 0.7659999999999999, 0.738, 0.647, 0.795, 0.74, 0.701, 0.6890000000000001, 0.493, 0.84, 0.691, 0.735, 0.742, 0.479, 0.722, 0.921, 0.848, 0.856, 0.898, 0.73, 0.68, 0.725, 0.556, 0.448, 0.763, 0.745, 0.645, 0.7879999999999999, 0.83, 0.78, 0.512, 0.7390000000000001, 0.563, 0.518, 0.8240000000000001, 0.487, 0.649, 0.7809999999999999, 0.625, 0.807, 0.664], "gender": ["Male", "Female", "Other"], "relevent_experience": ["Has relevent experience", "No relevent experience"], "enrolled_university": ["no_enrollment", "Full time course", "Part time course"], "education_level": ["Graduate", "Masters", "Phd"], "major_discipline": ["STEM", "Business Degree", "Arts", "Humanities", "No Major", "Other"], "company_size": [99, 9, 10001, 9999, 3499, 34, 350, 999], "company_type": ["Pvt Ltd", "Funded Startup", "Early Stage Startup", "Public Sector", "NGO", "Other"], "last_new_job": [1, 5, 0, 4, 3, 2]}